<?xml version="1.0" encoding="UTF-8"?>
<metadata><idinfo><citation><citeinfo><origin>Minnesota Population Center</origin><pubdate>2007/12/31</pubdate><title>IL_block_1990</title><geoform>digital map</geoform><pubinfo><pubplace>Minneapolis, Minnesota</pubplace><publish>Minnesota Population Center</publish></pubinfo><onlink>http://www.nhgis.org</onlink></citeinfo></citation><descript><abstract>This boundary file contains historic census Block boundaries for which the U.S. Census Bureau tabulated data and was produced by the Minnesota Population Center as part of the National Historical Geographic Information System (NHGIS) Continuation project. The NHGIS is an National Science Foundation-sponsored project (Grant No. BCS0648045) to supplement the digital spatial-temporal database created during NHGIS. The available shapefiles on the NHGIS site represent version 2.0 of historical US boundary files representing various geographic entities for the 1790-2000 censuses. These electronic census boundary files were created from TIGER 2000 UA file. The boundary files have been checked against currently available historical census aggregate data.</abstract><purpose>These data are based upon work supported by the National Science Foundation under Grant No.  BCS0648045 . NHGIS continuation grant has two major objectives:  First, to add geographic levels to NHGIS files for 1980-2000.  The new NHGIS geographies willl include block, place, enumeration district, congressional district, and Zip Code Talulation Areas.  These new in addition to previously released geographic levels will then be syncrhonized to align with the revised TIGER/Line files.  Second, the American Community Survey will be incorporated into the NHGIS.  

The release of these data partially completes the first objective of the NHGIS-continuation grant.  These files will be re-released when conflated with the newly updated TIGER file.</purpose><supplinf>Census blocks, the smallest geographic area for which the Bureau of the Census collects and tabulates decennial census data, are formed by streets, roads, railroads, streams and other bodies of water, other visible physical and cultural features, and the legal boundaries shown on Census Bureau maps.  (PG 11-1)</supplinf></descript><timeperd><current>publication date</current></timeperd><status><progress>In work</progress><update>As work is completed</update></status><spdom><bounding><westbc>
-97.239209</westbc><eastbc>
-89.49163799</eastbc><northbc>
49.384358</northbc><southbc>
43.499356</southbc></bounding></spdom><keywords><theme><themekt>None</themekt><themekey>historical</themekey><themekey>census of population and housing</themekey><themekey>tracts</themekey><themekey>census boundaries</themekey><themekey>census geography</themekey><themekey>census data</themekey><themekey>population</themekey><themekey>housing</themekey></theme><place><placekt>None</placekt></place><temporal><tempkt>None</tempkt></temporal></keywords><accconst>All persons are granted a limited license to use and distribute this documentation and the available data, subject to the use constraints.</accconst><useconst>This dataset was produced with an intended application at the city, county, metropolitan, or state/territory level. Appropriate uses include thematic mapping of census data and spatial analysis of census data.   If these data are altered or incorporated into another dataset, they are not to be redistributed without also: altering the name of the dataset, including a Content Standars for Digital Geospatial Metadata (FGDC-STD-001-1998) compliant metadata file that describes the dataset and reflects the alteration steps that makes the new dataset different from this one, and citing this dataset in the metadata as a source for the altered dataset using the source citation specified below.  

If these digital data are used in the production of a report or in the compilation of a standalone printed map, then this dataset is to be cited in the report or on the map using the source citation specified below.  The following source citation should be used when citing this dataset: 

Minnesota Population Center. National Historical Geographic Information System:  Version 2.0.  Minneapolis, MN:  University of Minnesota 2007.  

 No fee may be charged for use or distribution. Publications and research reports based on the database must cite it appropriately. Users are requested to send a copy of any publications, research reports, or educational material making use of the data or documentation. Printed matter should be sent to:  NHGIS  Minnesota Population Center University of Minnesota 50 Willey Hall 225 19th Avenue South Minneapolis, MN 55455</useconst><ptcontac><cntinfo><cntperp><cntper>Petra Noble</cntper><cntorg>Minnesota Population Center</cntorg></cntperp><cntpos>Research Fellow</cntpos><cntaddr><addrtype>physical address</addrtype><address>50 Willey Hall</address><address>225 19th Ave S</address><city>Minneapolis</city><state>Minnesota</state><postal>55455</postal><country>USA</country></cntaddr><cntvoice>612-625-7375</cntvoice><cntemail>nhgis@pop.umn.edu</cntemail></cntinfo></ptcontac><native>This dataset was produced on a computer system running Windows XP, using ArcGIS software. Final processing was performed with ArcGIS 9.2.</native></idinfo><dataqual><attracc><attraccr>All attributes in this boundary file were checked against attributes in the available aggregate data to ensure accuracy and consistency. The boundary file may contain more or fewer geographic entities than the aggregate data file. Sources for the boundary files sometimes depicted geographic areas that were not listed in the aggregate data file.  Sometimes, the aggregate data files contains records for geographic areas that are not mappable (e.g. geographic entities representing water off of coastal areas).</attraccr></attracc><complete>The geographic areas represented in version 2.0 release have a matching record in the aggregate data files.  Some geographic areas, however, do not have a matching aggregate data record.   Additionally, some records in the aggregate data files could not be mapped because they are not represented in the boundary file.  

Version 2.0 boundary files have not been generalized, and geographic areas containing parts of the following bodies of water do not have historically accurate coastlines: the Great Lakes, Atlantic Ocean, Pacific Ocean, and the Gulf of Mexico.  No geographic areas overlap and any polygon belongs to one and only one unique geographic entity.  Every geographic entity has a FIPS-like code (GISJOIN) that uniquely identifies it.  The aggregate data file contains a matching code (GISJOIN) so that the files can be easily joined together.

</complete><posacc><horizpa><horizpar>The horizontal positional accuracy of the source data is derived from TIGER 2000 UA . The boundaries representing the geographic entity was taken directly from the TIGER/Line file - no hand editing was done to the file.</horizpar></horizpa></posacc><lineage><srcinfo><srccite><citeinfo><origin>U.S. Census Bureau</origin><pubdate>1994</pubdate><title>TIGER/Line 1992: the coast-to-coast digital map database</title><pubinfo><pubplace>Washington D.C.</pubplace><publish>U.S. Census Bureau, Data User Services Division</publish></pubinfo></citeinfo></srccite><srcscale>various</srcscale><typesrc>digital tape media</typesrc></srcinfo><srcinfo><srccite><citeinfo><origin>U.S. Census Bureau</origin><pubdate>2000</pubdate><title>2000 UA TIGER/Line files [machine-readable data files].</title><pubinfo><pubplace>Washington D.C.</pubplace><publish>U.S. Government Printing Office</publish></pubinfo></citeinfo></srccite><srcscale>various</srcscale><typesrc>online</typesrc></srcinfo><procstep><procdesc>Used the TGR2SHP program to convert the 2000 UA TIGER/Line files to shapefiles. TGR2SHP allowed us to create shapefiles for the different Census features (blocks, block groups, places, county subdivisions, etc.). TGR2SHP can be downloaded from http://tnatlas.geog.utk.edu/downloadfree.htm</procdesc><procsv>TGR2SHP v7.01</procsv></procstep><procstep><procdesc>Defined the projection as Geographic/NAD 83 for each shapefile created by TGR2SHP.</procdesc><procsv>ArcGIS 9.2</procsv></procstep><procstep><procdesc>For any given Census feature, we appended together all counties in a state to create a state-wide shapefile.</procdesc><procsv>ArcGIS 9.2</procsv></procstep><procstep><procdesc>Projected each state-wide shapefile to Albers Equal Area - Lambert Conformal Conic.</procdesc><procsv>ArcGIS 9.2</procsv></procstep><procstep><procdesc>Used the coastline we developed for the historic census tracts and counties clipped out the water from the state-wide shapefiles that border the Gulf of Mexico, the Atlantic Ocean, the Pacific Ocean, or the Great Lakes.
</procdesc><procsv>ArcGIS 9.2</procsv></procstep><procstep><procdesc>Converted integer fields to text fields.</procdesc><procsv>ArcGIS 9.2</procsv></procstep><procstep><procdesc>Created the GISJOIN attribute in the shapefile. This GISJOIN attribute should be used to join attribute data obtained from the NHGIS website to the shapefile.</procdesc><procsv>ArcGIS 9.2</procsv></procstep><procstep><procdesc>Appended state-wide shapefiles (except for blocks and block groups - these are available at the state level) together to create a nation-wide shapefile.</procdesc><procsv>ArcGIS 9.2</procsv></procstep><procstep><procdesc>For census features that do not nest within counties or states (e.g., places, American Indian areas, etc.), we dissolved the nationwide shapefiles to create the actual features.</procdesc><procsv>ArcGIS 9.2</procsv></procstep><procstep><procdesc>Used ArcCatalog's metadata tools to write FGDC-compliant metadata.</procdesc><procsv>ArcGIS 9.2</procsv></procstep></lineage></dataqual><spdoinfo><direct>Vector</direct><ptvctinf><esriterm Name="IL_block_1990"><efeatyp Sync="TRUE">Simple</efeatyp><efeageom code="4" Sync="TRUE"/><esritopo Sync="TRUE">FALSE</esritopo><efeacnt Sync="TRUE">299909</efeacnt><spindex Sync="TRUE">FALSE</spindex><linrefer Sync="TRUE">FALSE</linrefer></esriterm></ptvctinf></spdoinfo><spref><horizsys><planar><planci><plance>coordinate pair</plance><coordrep><absres>0.000000</absres><ordres>0.000000</ordres></coordrep><plandu>meters</plandu></planci></planar><geodetic><horizdn>North American Datum of 1983</horizdn><ellips>GRS1980</ellips><semiaxis>6378206.4</semiaxis><denflat>294.98</denflat></geodetic><cordsysn><projcsn>Albers Equal Area Conic</projcsn></cordsysn></horizsys></spref><eainfo><detailed Name="IL_block_1990" xmlns=""><enttyp><enttypl Sync="TRUE">IL_block_1990</enttypl><enttypt Sync="TRUE">Feature Class</enttypt><enttypc Sync="TRUE">299909</enttypc></enttyp><attr><attrlabl Sync="TRUE">FID</attrlabl><attalias Sync="TRUE">FID</attalias><attrtype Sync="TRUE">OID</attrtype><attwidth Sync="TRUE">4</attwidth><atprecis Sync="TRUE">0</atprecis><attscale Sync="TRUE">0</attscale><attrdef Sync="TRUE">Internal feature number.</attrdef><attrdefs Sync="TRUE">Esri</attrdefs><attrdomv><udom Sync="TRUE">Sequential unique whole numbers that are automatically generated.</udom></attrdomv></attr><attr><attrlabl Sync="TRUE">Shape</attrlabl><attalias Sync="TRUE">Shape</attalias><attrtype Sync="TRUE">Geometry</attrtype><attwidth Sync="TRUE">0</attwidth><atprecis Sync="TRUE">0</atprecis><attscale Sync="TRUE">0</attscale><attrdef Sync="TRUE">Feature geometry.</attrdef><attrdefs Sync="TRUE">Esri</attrdefs><attrdomv><udom Sync="TRUE">Coordinates defining the features.</udom></attrdomv></attr><attr><attrlabl Sync="TRUE">FIPSSTCO</attrlabl><attalias Sync="TRUE">FIPSSTCO</attalias><attrtype Sync="TRUE">String</attrtype><attwidth Sync="TRUE">5</attwidth><atprecis Sync="TRUE">0</atprecis><attscale Sync="TRUE">0</attscale></attr><attr><attrlabl Sync="TRUE">TRACT</attrlabl><attalias Sync="TRUE">TRACT</attalias><attrtype Sync="TRUE">String</attrtype><attwidth Sync="TRUE">6</attwidth><atprecis Sync="TRUE">0</atprecis><attscale Sync="TRUE">0</attscale></attr><attr><attrlabl Sync="TRUE">BLOCK</attrlabl><attalias Sync="TRUE">BLOCK</attalias><attrtype Sync="TRUE">String</attrtype><attwidth Sync="TRUE">4</attwidth><atprecis Sync="TRUE">0</atprecis><attscale Sync="TRUE">0</attscale></attr><attr><attrlabl Sync="TRUE">STFID</attrlabl><attalias Sync="TRUE">STFID</attalias><attrtype Sync="TRUE">String</attrtype><attwidth Sync="TRUE">15</attwidth><atprecis Sync="TRUE">0</atprecis><attscale Sync="TRUE">0</attscale></attr><attr><attrlabl Sync="TRUE">GISJOIN</attrlabl><attalias Sync="TRUE">GISJOIN</attalias><attrtype Sync="TRUE">String</attrtype><attwidth Sync="TRUE">19</attwidth><atprecis Sync="TRUE">0</atprecis><attscale Sync="TRUE">0</attscale></attr></detailed><overview xmlns=""><eaover>The most important attribute in this shapefile is GISJOIN because it provides the link between the shapefile and the aggregate data files. Any aggregate data file obtained through the NHGIS data access system will contain a GISJOIN attribute. Use this attribute to link the data with the shapefile for mapping purposes. Please note that values in GISJOIN begin with "G" in order to retain leading zeros. This update took effect on May 7, 2008.

NHGIS modified the GISJOIN attribute in May 2015 to remove the one digit block group code, as this information was already included via the first digit of the block code. Removing this duplicate block group identifier changes the 1990 block geographic level’s nesting pattern from ‘State—County—Tract—Block Group—Block’ to ‘State—County—Tract—Block’. In effect, NHGIS's coding of 1990 blocks is now consistent with other years'.

In earlier versions of this file, it also included a GISJOIN2 attribute as an alternative linking attribute. GISJOIN2 was similar to GISJOIN except that its values did not begin with "G", which was the style used in aggregate data files extracted before May 7, 2008. NHGIS removed the GISJOIN2 attribute in May 2015.
</eaover></overview></eainfo><distinfo><resdesc>Downloadable Data</resdesc><stdorder><digform><digtinfo><transize>2.993</transize></digtinfo></digform></stdorder></distinfo><metainfo><metd>2007/12/18</metd><metrd>2007/12/18</metrd><metfrd>As necessary</metfrd><metc><cntinfo><cntorgp><cntorg>Minnesota Population Center</cntorg><cntper>Petra Noble</cntper></cntorgp><cntaddr><address>50 Willey Hall</address><address>225 19th Avenue South</address><city>Minneapolis</city><state>Minnesota</state><postal>55455</postal><country>USA</country></cntaddr><cntvoice>612-625-7375</cntvoice><cntemail>nhgis@pop.umn.edu</cntemail></cntinfo></metc><metstdn>FGDC Standards for Digital Geospatial Metadata</metstdn><metstdv>FGDC-STD-001-1998</metstdv><mettc>local time</mettc><metextns><onlink>http://www.esri.com/metadata/esriprof80.html</onlink><metprof>ESRI Metadata Profile</metprof></metextns></metainfo><Esri><ModDate>20150506</ModDate><ModTime>15175400</ModTime><DataProperties><itemProps><itemName Sync="TRUE">IL_block_1990</itemName><imsContentType Sync="TRUE">002</imsContentType><nativeExtBox><westBL Sync="TRUE">378605.407162</westBL><eastBL Sync="TRUE">731300.264713</eastBL><southBL Sync="TRUE">-37721.254463</southBL><northBL Sync="TRUE">587979.730721</northBL><exTypeCode Sync="TRUE">1</exTypeCode></nativeExtBox><itemSize Sync="TRUE">95.492</itemSize><itemLocation><linkage Sync="TRUE">file://\\UMN201756041\B$\ISTADS\ShapefileWork\Blocks1990\CorrectedBlocks\IL_block_1990</linkage><protocol Sync="TRUE">Local Area Network</protocol></itemLocation></itemProps><coordRef><type Sync="TRUE">Projected</type><geogcsn Sync="TRUE">GCS_North_American_1983</geogcsn><csUnits Sync="TRUE">Linear Unit: Meter (1.000000)</csUnits><projcsn Sync="TRUE">USA_Contiguous_Albers_Equal_Area_Conic</projcsn><peXml Sync="TRUE">&lt;ProjectedCoordinateSystem xsi:type='typens:ProjectedCoordinateSystem' xmlns:xsi='http://www.w3.org/2001/XMLSchema-instance' xmlns:xs='http://www.w3.org/2001/XMLSchema' xmlns:typens='http://www.esri.com/schemas/ArcGIS/10.3'&gt;&lt;WKT&gt;PROJCS[&amp;quot;USA_Contiguous_Albers_Equal_Area_Conic&amp;quot;,GEOGCS[&amp;quot;GCS_North_American_1983&amp;quot;,DATUM[&amp;quot;D_North_American_1983&amp;quot;,SPHEROID[&amp;quot;GRS_1980&amp;quot;,6378137.0,298.257222101]],PRIMEM[&amp;quot;Greenwich&amp;quot;,0.0],UNIT[&amp;quot;Degree&amp;quot;,0.0174532925199433]],PROJECTION[&amp;quot;Albers&amp;quot;],PARAMETER[&amp;quot;False_Easting&amp;quot;,0.0],PARAMETER[&amp;quot;False_Northing&amp;quot;,0.0],PARAMETER[&amp;quot;Central_Meridian&amp;quot;,-96.0],PARAMETER[&amp;quot;Standard_Parallel_1&amp;quot;,29.5],PARAMETER[&amp;quot;Standard_Parallel_2&amp;quot;,45.5],PARAMETER[&amp;quot;Latitude_Of_Origin&amp;quot;,37.5],UNIT[&amp;quot;Meter&amp;quot;,1.0],AUTHORITY[&amp;quot;ESRI&amp;quot;,102003]]&lt;/WKT&gt;&lt;XOrigin&gt;-16901100&lt;/XOrigin&gt;&lt;YOrigin&gt;-8579000&lt;/YOrigin&gt;&lt;XYScale&gt;266467840.99085236&lt;/XYScale&gt;&lt;ZOrigin&gt;-100000&lt;/ZOrigin&gt;&lt;ZScale&gt;10000&lt;/ZScale&gt;&lt;MOrigin&gt;-100000&lt;/MOrigin&gt;&lt;MScale&gt;10000&lt;/MScale&gt;&lt;XYTolerance&gt;0.001&lt;/XYTolerance&gt;&lt;ZTolerance&gt;0.001&lt;/ZTolerance&gt;&lt;MTolerance&gt;0.001&lt;/MTolerance&gt;&lt;HighPrecision&gt;true&lt;/HighPrecision&gt;&lt;WKID&gt;102003&lt;/WKID&gt;&lt;LatestWKID&gt;102003&lt;/LatestWKID&gt;&lt;/ProjectedCoordinateSystem&gt;</peXml></coordRef><copyHistory><copy source="B:\NHGIS_Shapefiles\block\IL_block_1990" dest="\\UMN201756041\B$\ISTADS\ShapefileWork\Blocks1990\CorrectedBlocks\IL_block_1990" date="20150506" time="15354400"></copy></copyHistory></DataProperties><SyncDate>20150506</SyncDate><SyncTime>15174400</SyncTime><scaleRange><minScale>150000000</minScale><maxScale>5000</maxScale></scaleRange><ArcGISProfile>FGDC</ArcGISProfile><CreaDate>20150506</CreaDate><CreaTime>15354400</CreaTime><ArcGISstyle>FGDC CSDGM Metadata</ArcGISstyle><SyncOnce>TRUE</SyncOnce></Esri><mdDateSt Sync="TRUE">20150506</mdDateSt><dataIdInfo><envirDesc Sync="TRUE">Microsoft Windows 7 Version 6.1 (Build 7601) Service Pack 1; Esri ArcGIS 10.3.0.4322</envirDesc><dataLang><languageCode value="eng" Sync="TRUE"/><countryCode value="USA" Sync="TRUE"/></dataLang><idCitation><resTitle Sync="TRUE">IL_block_1990</resTitle><presForm><PresFormCd value="005" Sync="TRUE"/></presForm></idCitation><spatRpType><SpatRepTypCd value="001" Sync="TRUE"/></spatRpType><dataExt><geoEle xmlns=""><GeoBndBox esriExtentType="search"><exTypeCode Sync="TRUE">1</exTypeCode><westBL Sync="TRUE">-91.699035</westBL><eastBL Sync="TRUE">-87.040825</eastBL><northBL Sync="TRUE">42.667101</northBL><southBL Sync="TRUE">36.878475</southBL></GeoBndBox></geoEle></dataExt><idPurp>These data are based upon work supported by the National Science Foundation under Grant No.  BCS0648045 . NHGIS continuation grant has two major objectives:  First, to add geographic levels to NHGIS files for 1980-2000.  The new NHGIS geographies willl include block, place, enumeration district, congressional district, and Zip Code Talulation Areas.  These new in addition to previously released geographic levels will then be syncrhonized to align with the revised TIGER/Line files.  Second, the American Community Survey will be incorporated into the NHGIS.  

The release of these data partially completes the first objective of the NHGIS-continuation grant.  These files will be re-released when conflated with the newly updated TIGER file.</idPurp><idAbs>&lt;DIV STYLE="text-align:Left;"&gt;&lt;DIV&gt;&lt;P&gt;&lt;SPAN&gt;This boundary file contains historic census Block boundaries for which the U.S. Census Bureau tabulated data and was produced by the Minnesota Population Center as part of the National Historical Geographic Information System (NHGIS) Continuation project. The NHGIS is an National Science Foundation-sponsored project (Grant No. BCS0648045) to supplement the digital spatial-temporal database created during NHGIS. The available shapefiles on the NHGIS site represent version 2.0 of historical US boundary files representing various geographic entities for the 1790-2000 censuses. These electronic census boundary files were created from TIGER 2000 UA file. The boundary files have been checked against currently available historical census aggregate data.&lt;/SPAN&gt;&lt;/P&gt;&lt;/DIV&gt;&lt;/DIV&gt;</idAbs><searchKeys><keyword>historical</keyword><keyword>census of population and housing</keyword><keyword>tracts</keyword><keyword>census boundaries</keyword><keyword>census geography</keyword><keyword>census data</keyword><keyword>population</keyword><keyword>housing</keyword></searchKeys><resConst><Consts><useLimit>&lt;DIV STYLE="text-align:Left;"&gt;&lt;DIV&gt;&lt;P&gt;&lt;SPAN&gt;This dataset was produced with an intended application at the city, county, metropolitan, or state/territory level. Appropriate uses include thematic mapping of census data and spatial analysis of census data. If these data are altered or incorporated into another dataset, they are not to be redistributed without also: altering the name of the dataset, including a Content Standars for Digital Geospatial Metadata (FGDC-STD-001-1998) compliant metadata file that describes the dataset and reflects the alteration steps that makes the new dataset different from this one, and citing this dataset in the metadata as a source for the altered dataset using the source citation specified below. If these digital data are used in the production of a report or in the compilation of a standalone printed map, then this dataset is to be cited in the report or on the map using the source citation specified below. The following source citation should be used when citing this dataset: Minnesota Population Center. National Historical Geographic Information System: Version 2.0. Minneapolis, MN: University of Minnesota 2007. No fee may be charged for use or distribution. Publications and research reports based on the database must cite it appropriately. Users are requested to send a copy of any publications, research reports, or educational material making use of the data or documentation. Printed matter should be sent to: NHGIS Minnesota Population Center University of Minnesota 50 Willey Hall 225 19th Avenue South Minneapolis, MN 55455&lt;/SPAN&gt;&lt;/P&gt;&lt;/DIV&gt;&lt;/DIV&gt;</useLimit></Consts></resConst></dataIdInfo><mdLang><languageCode value="eng" Sync="TRUE"/><countryCode value="USA" Sync="TRUE"/></mdLang><mdChar><CharSetCd value="006" Sync="TRUE"/></mdChar><distInfo><distFormat><formatName Sync="TRUE">Shapefile</formatName></distFormat><distTranOps><transSize Sync="TRUE">95.492</transSize></distTranOps></distInfo><mdHrLv><ScopeCd value="005" Sync="TRUE"/></mdHrLv><mdHrLvName Sync="TRUE">dataset</mdHrLvName><refSysInfo><RefSystem><refSysID><identCode code="102003" Sync="TRUE"/><idCodeSpace Sync="TRUE">ESRI</idCodeSpace><idVersion Sync="TRUE">10.2.1</idVersion></refSysID></RefSystem></refSysInfo><spatRepInfo><VectSpatRep><geometObjs Name="IL_block_1990"><geoObjTyp><GeoObjTypCd value="002" Sync="TRUE"/></geoObjTyp><geoObjCnt Sync="TRUE">299909</geoObjCnt></geometObjs><topLvl><TopoLevCd value="001" Sync="TRUE"/></topLvl></VectSpatRep></spatRepInfo></metadata>
